id,home,away,date,home_score,away_score,result,league,country
75641308,Hangzhou Linping Wuyue,Jiangxi Lushan,,,,,,
75758244,France,Maroc,,,,,,
75583448,Dinamo Minsk,Sileks Kratovo,,,,,,
75897902,Maxline Vitebsk,Universitatea Craiova,,,,,,
74051664,Petrocub Hincesti,KF Egnatia,,,,,,
75991977,Olympiakos,RKS Rakow Czestochowa,,,,,,
75910818,FK Velez Mostar,Milsami Orhei,,,,,,
75615496,Bohemians Dublin,St Josephs FC,,,,,,
75612946,Sheriff Tiraspol,Aluminij Kidricevo,,,,,,
74248904,Mondorf-les-Bains,Dinamo Tbilissi,,,,,,
74248903,Caernarfon Town FC,Levadia Tallinn,,,,,,
74052255,Hajduk Split,MSK Zilina,,,,,,
74052355,FK Vojvodina,Ferencvaros,,,,,,
75890365,Glentoran FC,FC Riga FS,,,,,,
74643268,Austria Vienne,Dac 1904 Dunajska Streda,,,,,,
74746097,TSV Hartberg,Zbrojovka Brno,,,,,,
74746110,FC Lausanne-Sport,CR Flamengo RJ,,,,,,
75641329,NK Slaven Belupo,AFK Csikszereda Miercurea Ciuc,,,,,,
75641397,Heracles Almelo,FC Groningue,,,,,,
76002738,Paphos FC,FK Jablonec,,,,,,
75641360,NAC Breda,FC Eindhoven,,,,,,
75993166,Fenerbahce,Admira Wacker,,,,,,
74051965,Flora Tallinn,FC Iberia,,,,,,
74052404,Nomme Kalju,Linfield FC,,,,,,
74082335,FC Differdange 03,Ilves Tampere,,,,,,
75202433,Marsaxlokk FC,FC Pyunik,,,,,,
74052461,Europa FC,FC Shkëndija,,,,,,
74142190,NSI Runavik,Hamrun Spartans,,,,,,
75993178,KS Warta Sieradz,LKS Lodz II,,,,,,
75993197,Zawisza Bydgoszcz,Polonia Sroda Wielkopolska,,,,,,
74082339,Dila Gori,AC Virtus,,,,,,
74051966,Qarabag FK,IF Vestri,,,,,,
74248901,FC Dynamo Kiev,Universitatea Cluj,,,,,,
74052256,CSKA Sofia,Derry City,,,,,,
68522237,Shandong Taishan FC,Yunnan Yukun,,,,,,
72284891,Dundalk FC,Drogheda United,,,,,,
74996797,Waterford FC,St Patricks Athletic,,,,,,
75969252,Espagne,Belgique,,,,,,
73049145,FC Gwangju,FC Pohang Steelers,,,,,,
68605904,Zhejiang FC,Qingdao Hainiu FC,,,,,,
68609567,Chengdu Rongcheng,Chongqing Tonglianglong FC,,,,,,
72386099,Mjällby AIF,AIK Solna,,,,,,
72459284,Aalesund FK,Molde FK,,,,,,
72386096,IF Gnistan,IFK Mariehamn,,,,,,
72386098,Orgryte IS,BK Häcken,,,,,,
72459283,Tromso IL,Valerenga IF,,,,,,
74996796,Galway United,Sligo Rovers,,,,,,
75873530,Norvège,Angleterre,,,,,,
74052467,FC Hegelmann Kaunas,Paide Linnameeskond,,,,,,
75833966,Espagne,Croatie,,,,,,
75993169,Arminia Bielefeld,FC Gutersloh 2000,,,,,,
75641320,MKS Kluczbork,Zaglebie Sosnowiec,,,,,,
75641319,Aarhus Fremad,Silkeborg IF,,,,,,
75993132,MKS Pogon Szczecin,Chrobry Glogow,,,,,,
76024483,NEC Nimègue,MSV Duisbourg,,,,,,
75641321,Budapest Honved FC,Soroksar SC,,,,,,
75993131,Csa Steaua Bucuresti,Concordia Chiajna,,,,,,
75641318,Shanxi Chongde Ronghai,Dalian Kewei,,,,,,
75993130,Selangor FC,Sabah FC,,,,,,
75910204,G2 eSports,T1,,,,,,
76016387,Plamya Pro,Vityaz,,,,,,
75993120,Kyung Hee University,Dongguk University,,,,,,
75898996,Manila Batang Quiapo,Binan Tatak Gel,,,,,,
75993122,Bengals Fighters Club,Vikings Club,,,,,,
74643364,Thunderbelles,Akari Chargers,,,,,,
75995896,"Smolka, Kamil","Jurowicz, Grzegorz",,,,,,
75995897,"Kaczmarek, Jakub","Lebek, Marian",,,,,,
76035883,"Brandtl Jr, Ales","Sebl, Jachym",,,,,,
74643282,Piast Gliwice,Miedz Legnica,,,,,,
76056908,GKS Tychy,BKS Sparta Katowice,,,,,,
74746094,Zaglebie Lubin,FC Banik Ostrava,,,,,,
74643262,SV Lichtenberg 47,Hertha Berlin,,,,,,
75641356,Coquimbo Unido,Colo Colo,,,,,,
75641362,Ebk,HPS,,,,,,
75641393,SC St. Tonis 11/20,Fortuna Düsseldorf,,,,,,
75833967,Allemagne,Ukraine,,,,,,
75924945,FF Jaro Akademia,SJK Akatemia/2,,,,,,
75967287,Kuopion Palloseura,HJK Helsinki,,,,,,
76007891,Aalborg BK,Randers FC,,,,,,
75974132,MFK Skalica,FC Vion Zlate Moravce - Vrable,,,,,,
74746096,FK Teplice,FC Silon Taborsko,,,,,,
76035882,"Srnka, Jan","Sebl, Jachym",,,,,,
75996359,"Zika, Tadeas","Wawrosz, Pavel",,,,,,
75999048,"Unzeitig, Daniel","Pagac, Zbynek",,,,,,
75999053,"Strnad, Jaroslav (1964)","Madle, Ludek",,,,,,
70421061,DSD Santo Domingo,Independiente del Valle,,,,,,
70827453,Independiente Juniors,LDU Quito,,,,,,
73991414,Ponte Preta SP,Criciuma SC,,,,,,
74082337,FC Alashkert,FC Yelimai,,,,,,
74263253,Apotheos FC,Dothan United SC,,,,,,
75742698,Brave SC,Inter Gainesville KF,,,,,,
76000445,Ocean City Nor Easters,LVU Rush,,,,,,
68356300,Yomiuri Giants,Hanshin Tigers,2026-07-08,,,,NPB,Japon
68356361,Orix Buffaloes,Fukuoka Hawks,2026-07-08,,,,NPB,Japon
68356305,Chiba Lotte Marines,Hokkaido Nippon-Ham Fighters,2026-07-08,,,,NPB,Japon
68356360,Hiroshima Toyo Carp,Tokyo Yakult Swallows,2026-07-08,,,,NPB,Japon
75993133,FC Pari Nizhniy Novgorod 2,Izhevsk 2,2026-07-08,,,,Privolzhye Cup,Russie
69902749,Ukraine,Italie,2026-07-08,,,,"Nations League, Women",International
68357608,Yokohama Dena Baystars,Chunichi Dragons,2026-07-08,,,,NPB,Japon
76016388,Payp,Tornado,2026-07-08,,,,Pro League,Russie
75993127,Craigieburn City FC,Beaumaris SC,2026-07-08,,,,"Victoria Cup, Women",Australie
75993129,Zwekapin United,Ayeyawady FC,2026-07-08,,,,"MFF League, Women",Myanmar
75993121,Hanyang University,Chungang University,2026-07-08,,,,"National University Basketball League, MBC Cup",République de Corée
73159101,Queensland Maroons,New South Wales,2026-07-08,,,,State of Origin,Ligue de rugby
75964010,Adelaide Cobras Reserves,Cumberland United Reserve,2026-07-08,,,,"South Australia State League 1, Reserves",Australie
69902634,Japon,Brésil,2026-07-08,,,,"Nations League, Women",International
74643365,Cool Smashers,Nxled Chameleons,2026-07-08,,,,"Premier Volleyball League, Women",Philippines
75641317,Gold Coast Knights,Souths United,2026-07-08,,,,"NPL Queensland, Women",Australie
75995985,"Solilo, Dominik","Piecowski, Milosz",2026-07-08,,,,TT Elite Series,International
76000470,"Pagac, Zbynek","Chalupa, Michal",2026-07-08,,,,Czech Liga Pro,République Tchèque
76035891,"Vosyka, Radek","Fitl, Radek",2026-07-08,,,,TT Cup,International
75995991,"Wojtaszczyk, Wojciech","Gumulinski, Piotr",2026-07-08,,,,TT Elite Series,International
75995992,"Juzek, Sebastian","Adamus, Kacper",2026-07-08,,,,TT Elite Series,International
76035892,"Krenek, Tomas","Krupnik, Jan",2026-07-08,,,,TT Cup,International
76035893,"Chvojka, Peter","Vaclahovsky, Oldrich",2026-07-08,,,,TT Cup,International
76035894,"Rolik, Jakub","Kolbusovsky, Michal",2026-07-08,,,,TT Cup,International
75995993,"Felkel, Grzegorz","Sporek, Szymon",2026-07-08,,,,TT Elite Series,International
69902760,France,Pays-Bas,2026-07-08,,,,"Nations League, Women",International
76016389,Alliance,Titans,2026-07-08,,,,Pro League,Russie
74655308,Suisse,Turquie,2026-07-08,,,,Championnat d'Europe U20,International
74657305,Norvège,Macédoine du Nord,2026-07-08,,,,Championnat d'Europe U20,International
74659998,Slovénie,Pologne,2026-07-08,,,,Championnat d'Europe U20,International
75726729,Team Liquid,Lvlup,2026-07-08,,,,Esports World Cup,Ewc
75726902,L1Ga Team,Playtime,2026-07-08,,,,Esports World Cup,Ewc
75842530,Krawietz K / Puetz T,Doumbia S / Reboul F,2026-07-08,,,,"Wimbledon, Double Messieurs",ATP
75898998,Meycauayan Marilao Gems,Pasay Voyagers,2026-07-08,,,,MPBL,Philippines
75930006,"Noskova, Linda","Mertens, Elise",2026-07-08,,,,Wimbledon (F),WTA
76035906,"Lovl, Jan","Vosyka, Radek",2026-07-08,,,,TT Cup,International
75996008,"Jadczyk, Marcin","Sporek, Szymon",2026-07-08,,,,TT Elite Series,International
76035907,"Krupnik, Jan","Skvrna, Jan",2026-07-08,,,,TT Cup,International
75996009,"Kurowski, Kamil","Chmielowski, Jakub",2026-07-08,,,,TT Elite Series,International
75929856,Arevalo M / Pavic M,Cash J / Glasspool L,2026-07-08,,,,"Wimbledon, Double Messieurs",ATP
76035908,"Vaclahovsky, Oldrich","Jokiel, Patrik",2026-07-08,,,,TT Cup,International
75996011,"Wojtaszczyk, Wojciech","Durda, Michal",2026-07-08,,,,TT Elite Series,International
74642805,Vllaznia Shkoder,KF Malisheva,2026-07-09,,,,Europa Conference League,International Clubs
74052468,OFK Petrovac,Vilnius FK Zalgiris,2026-07-09,,,,Europa Conference League,International Clubs
74082332,Pen-y-Bont FC,FC Santa Coloma,2026-07-09,,,,Europa Conference League,International Clubs
74057218,FC Dinamo City,FC Astana,2026-07-09,,,,Europa Conference League,International Clubs
